{"cameraMode":{"drawMode":0,"name":"Shaded","section":"Shading Mode"},"sceneLighting":true,"audioPlay":false,"sceneViewState":{"showFog":true,"showMaterialUpdate":false,"showSkybox":true,"showFlares":true,"showImageEffects":true,"showParticleSystems":true},"in2DMode":false,"pivot":{"x":2176.452392578125,"y":-1876.3055419921875,"z":192.7744140625},"rotation":{"x":-0.08785145729780197,"y":0.90805983543396,"z":-0.2408648133277893,"w":-0.33120033144950869},"size":6249.56103515625,"orthographic":false}